<?xml version="1.0" encoding="UTF-8"?>
<project-private xmlns="http://www.netbeans.org/ns/project-private/1">
    <editor-bookmarks xmlns="http://www.netbeans.org/ns/editor-bookmarks/2" lastBookmarkId="0"/>
    <open-files xmlns="http://www.netbeans.org/ns/projectui-open-files/2">
        <group>
            <file>file:/C:/Users/helllord/Desktop/java/UniversityStudentManagementSystem/src/universitystudentmanagementsystem/Addresult.java</file>
            <file>file:/C:/Users/helllord/Desktop/java/UniversityStudentManagementSystem/src/universitystudentmanagementsystem/Teacher.java</file>
            <file>file:/C:/Users/helllord/Desktop/java/UniversityStudentManagementSystem/src/universitystudentmanagementsystem/Individualregister.java</file>
            <file>file:/C:/Users/helllord/Desktop/java/UniversityStudentManagementSystem/src/universitystudentmanagementsystem/Resultsc.java</file>
            <file>file:/C:/Users/helllord/Desktop/java/UniversityStudentManagementSystem/src/universitystudentmanagementsystem/NewAdmin.java</file>
            <file>file:/C:/Users/helllord/Desktop/java/UniversityStudentManagementSystem/src/universitystudentmanagementsystem/Viewresult.java</file>
            <file>file:/C:/Users/helllord/Desktop/java/UniversityStudentManagementSystem/src/universitystudentmanagementsystem/Home.java</file>
            <file>file:/C:/Users/helllord/Desktop/java/UniversityStudentManagementSystem/src/universitystudentmanagementsystem/editcourse.java</file>
            <file>file:/C:/Users/helllord/Desktop/java/UniversityStudentManagementSystem/src/universitystudentmanagementsystem/AdminNew.java</file>
            <file>file:/C:/Users/helllord/Desktop/java/UniversityStudentManagementSystem/src/universitystudentmanagementsystem/modifystudentdetails.java</file>
            <file>file:/C:/Users/helllord/Desktop/java/UniversityStudentManagementSystem/src/universitystudentmanagementsystem/Individualinfo.java</file>
            <file>file:/C:/Users/helllord/Desktop/java/UniversityStudentManagementSystem/src/universitystudentmanagementsystem/StudentNew.java</file>
            <file>file:/C:/Users/helllord/Desktop/java/UniversityStudentManagementSystem/src/universitystudentmanagementsystem/informationsc.java</file>
            <file>file:/C:/Users/helllord/Desktop/java/UniversityStudentManagementSystem/src/universitystudentmanagementsystem/ViewStudentall.java</file>
            <file>file:/C:/Users/helllord/Desktop/java/UniversityStudentManagementSystem/src/universitystudentmanagementsystem/Student.java</file>
            <file>file:/C:/Users/helllord/Desktop/java/UniversityStudentManagementSystem/src/universitystudentmanagementsystem/RegisterNewStudentteacher.java</file>
            <file>file:/C:/Users/helllord/Desktop/java/UniversityStudentManagementSystem/src/universitystudentmanagementsystem/editresult.java</file>
            <file>file:/C:/Users/helllord/Desktop/java/UniversityStudentManagementSystem/src/universitystudentmanagementsystem/Deletestudent.java</file>
            <file>file:/C:/Users/helllord/Desktop/java/UniversityStudentManagementSystem/src/universitystudentmanagementsystem/inforesult.java</file>
            <file>file:/C:/Users/helllord/Desktop/java/UniversityStudentManagementSystem/src/universitystudentmanagementsystem/totalregisteredcourse.java</file>
            <file>file:/C:/Users/helllord/Desktop/java/UniversityStudentManagementSystem/src/universitystudentmanagementsystem/NewStudent.java</file>
            <file>file:/C:/Users/helllord/Desktop/java/UniversityStudentManagementSystem/src/universitystudentmanagementsystem/Home2.java</file>
            <file>file:/C:/Users/helllord/Desktop/java/UniversityStudentManagementSystem/src/universitystudentmanagementsystem/RegisterStudentadmin.java</file>
            <file>file:/C:/Users/helllord/Desktop/java/UniversityStudentManagementSystem/src/universitystudentmanagementsystem/totalstudentinfo.java</file>
            <file>file:/C:/Users/helllord/Desktop/java/UniversityStudentManagementSystem/src/universitystudentmanagementsystem/addpayment.java</file>
            <file>file:/C:/Users/helllord/Desktop/java/UniversityStudentManagementSystem/src/universitystudentmanagementsystem/Administrator.java</file>
            <file>file:/C:/Users/helllord/Desktop/java/UniversityStudentManagementSystem/src/universitystudentmanagementsystem/MainScreen.java</file>
            <file>file:/C:/Users/helllord/Desktop/java/UniversityStudentManagementSystem/src/universitystudentmanagementsystem/TeacherNew.java</file>
            <file>file:/C:/Users/helllord/Desktop/java/UniversityStudentManagementSystem/src/universitystudentmanagementsystem/Home1.java</file>
            <file>file:/C:/Users/helllord/Desktop/java/UniversityStudentManagementSystem/src/universitystudentmanagementsystem/NewTeacher.java</file>
            <file>file:/C:/Users/helllord/Desktop/java/UniversityStudentManagementSystem/src/universitystudentmanagementsystem/clearpayment.java</file>
            <file>file:/C:/Users/helllord/Desktop/java/UniversityStudentManagementSystem/src/universitystudentmanagementsystem/Coursessc.java</file>
            <file>file:/C:/Users/helllord/Desktop/java/UniversityStudentManagementSystem/src/universitystudentmanagementsystem/ViewRegisteredCourse.java</file>
        </group>
    </open-files>
</project-private>
